mpid,formula,canonical_formula,actual,predicted,lower_90,upper_90,covered
mp-1111340,NaLi2TaF6,Li2NaTaF6,0.5334144946733304,0.41915553699540076,0.3791217370641911,0.4591893369266104,0
mp-1113790,Rb2TaCuF6,Rb2CuTaF6,0.5159490772533353,0.30746259074628074,0.2674287908150711,0.3474963906774904,0
mp-1111412,Na2SbAuF6,Na2SbAuF6,0.4680331064999992,0.37408043415165504,0.3340466342204454,0.4141142340828647,0
mp-1111097,Li2CuSbF6,Li2CuSbF6,0.4612840399374986,0.3881642100262557,0.34813041009504603,0.4281980099574653,0
mp-1111085,Na2VAuF6,Na2VAuF6,0.4010875012499983,0.3135980626530214,0.2735642627218118,0.35363186258423107,0
mp-1111089,Na2AsAuF6,Na2AsAuF6,0.4001988611249967,0.3352944417267729,0.2952606417955633,0.37532824165798256,0
mp-1112494,K2NbAuF6,K2NbAuF6,0.3737271101999999,0.30566086420563704,0.2656270642744274,0.3456946641368467,0
mp-1111478,Na2TaHgF6,Na2TaHgF6,0.3719960042033321,0.4242696060870978,0.38423580615588815,0.46430340601830744,0
mp-1111411,Na2HgSbF6,Na2SbHgF6,0.3477817012499997,0.32206704511618633,0.2820332451849767,0.362100845047396,1
mp-1111191,NaLi2MnF6,Li2NaMnF6,0.3263716769999973,0.29265807170830765,0.252624271777098,0.3326918716395173,1
mp-1111683,Li2AlCuF6,Li2AlCuF6,0.3187294404999994,0.3016979190930031,0.26166411916179344,0.34173171902421273,1
mp-1111062,Na2ScHgF6,Na2ScHgF6,0.3065900259999985,0.3080185801447844,0.26798478021357475,0.34805238007599404,1
mp-1111465,Rb2NbAuF6,Rb2NbAuF6,0.2994552179999976,0.2576457890341872,0.21761198910297758,0.29767958896539687,0
mp-1111208,Na2HgAsF6,Na2AsHgF6,0.2904274318749964,0.30678829953344705,0.2667544996022374,0.3468220994646567,1
mp-1111088,Na2AlAuF6,Na2AlAuF6,0.2806851863333337,0.22837973202779274,0.1883459320965831,0.2684135319590024,0
mp-1110624,RbNa2FeF6,Na2FeRbF6,0.2743109232499998,0.22516386331604657,0.18513006338483692,0.26519766324725624,0
mp-1112194,K2TaHgF6,K2TaHgF6,0.2681797058033357,0.29070862953376,0.25067482960255033,0.3307424294649696,1
mp-1111407,KNa2SbF6,Na2KSbF6,0.26748316725,0.27123481211903766,0.23120101218782801,0.3112686120502473,1
mp-1111301,Na2PdAuF6,Na2PdAuF6,0.2576537046666667,0.2269582268719011,0.18692442694069145,0.26699202680311074,1
mp-1112217,K2TaCuBr6,K2CuTaBr6,0.2461763213000001,0.2280128158780862,0.18797901594687655,0.26804661580929584,1
mp-1111064,Na2GaHgBr6,Na2GaHgBr6,0.2432229025000003,0.225998434466911,0.18596463453570136,0.2660322343981206,1
mp-1110625,RbNa2CrF6,Na2CrRbF6,0.2384106577499984,0.1990006823009246,0.15896688236971496,0.23903448223213425,1
mp-1110650,Rb2LiTaF6,Rb2LiTaF6,0.2376124715066652,0.15644460048719272,0.11641080055598307,0.19647840041840237,0
mp-1111042,Na2TmCuCl6,Na2CuTmCl6,0.1512516585000014,0.1545143104877939,0.11448051055658426,0.19454811041900355,1
mp-1113149,Cs2AsAuF6,Cs2AsAuF6,0.2229602645000001,0.18758768184007443,0.1475538819088648,0.22762148177128408,1
mp-1111404,Na2TlAsF6,Na2AsTlF6,0.2214864599999986,0.2977871884453054,0.25775338851409574,0.33782098837651503,0
mp-1110595,Rb2AsAuF6,Rb2AsAuF6,0.2203551129999992,0.2302761311869777,0.19024233125576806,0.27030993111818735,1
mp-1111523,Na2TmAgCl6,Na2AgTmCl6,0.1382248295000003,0.15007547535849816,0.11004167542728852,0.1901092752897078,1
mp-1110644,Rb2NaTaF6,Rb2NaTaF6,0.2041545845066643,0.14362432972975922,0.10359052979854957,0.18365812966096887,0
mp-1111136,K2RbAuCl6,K2RbAuCl6,0.2027230805000002,0.17880639845419322,0.13877259852298357,0.21884019838540286,1
mp-1111335,Na2AgAuF6,Na2AgAuF6,0.2006798239999998,0.18068062423102424,0.1406468242998146,0.22071442416223389,1
mp-1110794,Rb2TaAgCl6,Rb2AgTaCl6,0.2002206351833351,0.1816762944173232,0.14164249448611355,0.22171009434853284,1
mp-1110599,Rb2TiAgF6,Rb2TiAgF6,0.1915428084999977,0.24927264671814506,0.2092388467869354,0.2893064466493547,0
mp-1111509,Na2CeCuCl6,Na2CuCeCl6,0.1822959969999997,0.15757434472251555,0.1175405447913059,0.1976081446537252,1
mp-1112181,K2InSbF6,K2InSbF6,0.1809023240833296,0.1635341537477353,0.12350035381652566,0.20356795367894495,1
mp-1111012,KNa2IrF6,Na2KIrF6,0.1755837103333384,0.22028203519124429,0.18024823526003464,0.26031583512245393,0
mp-1111326,Na2InAgF6,Na2AgInF6,0.1731680646666644,0.18834660623923416,0.14831280630802451,0.2283804061704438,1
mp-1112422,K2NdAuCl6,K2NdAuCl6,0.1711885472916687,0.1565651934460788,0.11653139351486916,0.19659899337728845,1
mp-1111999,K2AlAuBr6,K2AlAuBr6,0.1697577221499986,0.16977101517171128,0.12973721524050164,0.20980481510292093,1
mp-1112270,CsK2SbF6,K2SbCsF6,0.1671486782499993,0.13822994633945127,0.09819614640824162,0.1782637462706609,1
mp-1110660,Rb2NdCuF6,Rb2CuNdF6,0.1622576560000013,0.12841137428725038,0.08837757435604074,0.16844517421846003,1
mp-1111959,K2FeAuF6,K2FeAuF6,0.1620727406666731,0.21131111589183457,0.17127731596062493,0.2513449158230442,0
mp-1111442,K2RbAuF6,K2RbAuF6,0.1608446809999995,0.1669744099789107,0.12694061004770105,0.20700820991012034,1
mp-1110889,K2NaTaBr6,K2NaTaBr6,0.1584129177249984,0.15961563666199355,0.1195818367307839,0.1996494365932032,1
mp-1110584,Rb2RhAuF6,Rb2RhAuF6,0.1578694479999995,0.17672272999719466,0.136688930065985,0.2167565299284043,1
mp-1113741,Na2LiSmCl6,Na2LiSmCl6,0.131820636035715,0.14511015467514593,0.10507635474393628,0.18514395460635558,1
mp-1112327,CsK2AlCl6,K2AlCsCl6,0.1550265727500006,0.1591830003743792,0.11914920044316957,0.19921680030558886,1
mp-1111213,K2RbGaBr6,K2GaRbBr6,0.1547900380000002,0.1406102401413526,0.10057644021014295,0.18064404007256224,1
mp-1112211,K2AlHgBr6,K2AlHgBr6,0.1543515697500002,0.13757720046569477,0.09754340053448513,0.17761100039690442,1
mp-1111323,Na2AgMoF6,Na2MoAgF6,0.148651267124996,0.19980795414929545,0.1597741542180858,0.2398417540805051,0
mp-1112057,CsK2AlI6,K2AlCsI6,0.1470867017499988,0.1576799861531331,0.11764618622192347,0.19771378608434276,1
mp-1111781,CsRb2GaBr6,Rb2GaCsBr6,0.1467960607500007,0.12101239081118899,0.08097859087997934,0.16104619074239862,1
mp-1111538,Na2AgSbCl6,Na2AgSbCl6,0.1411846989999987,0.14529360696656124,0.1052598070353516,0.18532740689777089,1
mp-1112209,K2AlHgF6,K2AlHgF6,0.1403924385000028,0.10987060687611713,0.06983680694490749,0.14990440680732678,1
mp-1114398,KRb2AuCl6,Rb2KAuCl6,0.1396243215000003,0.11706601541362988,0.07703221548242023,0.15709981534483952,1
mp-1112025,K2YHgBr6,K2YHgBr6,0.1382827014999996,0.12431051760014498,0.08427671766893534,0.16434431753135464,1
mp-1110909,K2CuMoI6,K2CuMoI6,0.1448644538434678,0.13482976132515007,0.09479596139394042,0.1748635612563597,1
mp-1110592,Rb2FeAuF6,Rb2FeAuF6,0.1359096091666725,0.2066842049746251,0.16665040504341547,0.24671800490583476,0
mp-1110585,Rb2PdAuF6,Rb2PdAuF6,0.1326450810000006,0.19152047713433323,0.1514866772031236,0.23155427706554288,0
mp-1111617,K2RbAlBr6,K2AlRbBr6,0.1307538280000009,0.11672423011708023,0.07669043018587059,0.15675803004828986,1
mp-1113919,Na2LiGdCl6,Na2LiGdCl6,0.1304826092499995,0.1391219308283208,0.09908813089711116,0.17915573075953045,1
mp-1114078,Rb2YHgCl6,Rb2YHgCl6,0.1296287068999984,0.0996090950767665,0.05957529514555686,0.13964289500797616,1
mp-1112616,Cs2AlHgCl6,Cs2AlHgCl6,0.1265524577500003,0.12686924827326101,0.08683544834205137,0.16690304820447066,1
mp-1111473,Na2LiYCl6,Na2LiYCl6,0.1286361287500019,0.13994609268914274,0.09991229275793309,0.17997989262035238,1
mp-1111118,Na2InCuCl6,Na2CuInCl6,0.1253476479999991,0.1406145388541284,0.10058073892291874,0.18064833878533804,1
mp-1112409,Rb2HgBiF6,Rb2HgBiF6,0.1248440550000049,0.08683500478441238,0.04680120485320273,0.126868804715622,1
mp-1111525,Na2ScAgCl6,Na2ScAgCl6,0.1247936227500012,0.14022675386410613,0.10019295393289648,0.18026055379531578,1
mp-1111785,CsRb2AlBr6,Rb2AlCsBr6,0.1246927319999997,0.10341713270437418,0.06338333277316453,0.14345093263558384,1
mp-1114172,KRb2TlI6,Rb2KTlI6,0.1245433544999996,0.09359621197811639,0.053562412046906746,0.13363001190932605,1
mp-1113320,Rb2GaHgCl6,Rb2GaHgCl6,0.1244994575000006,0.11082190280250352,0.07078810287129388,0.15085570273371318,1
mp-1113307,Rb2CeCuF6,Rb2CuCeF6,0.1244366927500015,0.108811823042402,0.06877802311119235,0.14884562297361165,1
mp-1111125,K2TlSbF6,K2SbTlF6,0.1239642742500004,0.11255461456301939,0.07252081463180975,0.15258841449422905,1
mp-1111002,Rb2ScHgF6,Rb2ScHgF6,0.1224864394999984,0.09560746166455972,0.05557366173335007,0.13564126159576936,1
mp-1112318,CsK2InCl6,K2InCsCl6,0.1219102042499988,0.09837046747163283,0.05833666754042319,0.13840426740284248,1
mp-1113185,Cs2GaCuCl6,Cs2CuGaCl6,0.1212100326250027,0.09162782607504172,0.05159402614383207,0.13166162600625136,1
mp-1112052,CsK2TiF6,K2TiCsF6,0.1199099270000019,0.148853828948033,0.10882002901682336,0.18888762887924265,1
mp-1112470,K2GaAgBr6,K2GaAgBr6,0.1158764279999999,0.10056908321688934,0.0605352832856797,0.140602883148099,1
mp-1113655,Rb2DyAuCl6,Rb2DyAuCl6,0.1126820989500041,0.1005245233460903,0.060490723414880654,0.14055832327729995,1
mp-1112499,Cs2TlAuF6,Cs2AuTlF6,0.1089184803333322,0.10335461811186748,0.06332081818065784,0.14338841804307711,1
mp-1111032,Rb2HgIrF6,Rb2IrHgF6,0.1087156207499999,0.0857104504327083,0.04567665050149865,0.12574425036391795,1
mp-1113656,Rb2ErAuCl6,Rb2ErAuCl6,0.108464487733336,0.10240722896282271,0.06237342903161307,0.14244102889403237,1
mp-1111569,K2TlBiF6,K2TlBiF6,0.1064161739999987,0.1356155637356439,0.09558176380443426,0.17564936366685355,1
mp-1112957,Cs2HgSbF6,Cs2SbHgF6,0.105914603625,0.06954756995399283,0.029513770022783187,0.10958136988520248,1
mp-1111714,Rb2ScAuBr6,Rb2ScAuBr6,0.1048276577499991,0.09305190680889419,0.053018106877684545,0.13308570674010384,1
mp-1112021,K2InGaI6,K2GaInI6,0.1032820627499973,0.09719744433347523,0.05716364440226558,0.13723124426468486,1
mp-1114070,Cs2TaAgF6,Cs2AgTaF6,0.1036456972866686,0.25340665699605264,0.213372857064843,0.2934404569272623,0
mp-1112923,Cs2ScAuI6,Cs2ScAuI6,0.0489788149999985,0.0969720651619409,0.056938265230731255,0.13700586509315055,0
mp-1112510,Cs2RbTlI6,Cs2RbTlI6,0.1014506247500004,0.06872972876008931,0.02869592882887967,0.10876352869129896,1
mp-1110754,K2RbSbBr6,K2RbSbBr6,0.1007410120833403,0.10693065064470651,0.06689685071349687,0.14696445057591617,1
mp-1112927,Cs2DyAuCl6,Cs2DyAuCl6,0.0997845690000014,0.08886728514768667,0.04883348521647703,0.1289010850788963,1
mp-1113294,Cs2ScHgCl6,Cs2ScHgCl6,0.0991170270000019,0.07677205212201266,0.03673825219080301,0.1168058520532223,1
mp-1110904,Na2LiInF6,Na2LiInF6,0.0983338835000005,0.09169091625975011,0.05165711632854046,0.13172471619095977,1
mp-1110675,K2RbBiF6,K2RbBiF6,0.097922491250002,0.12628997460657646,0.08625617467536681,0.1663237745377861,1
mp-1113302,Cs2GaHgBr6,Cs2GaHgBr6,0.0979156851250007,0.1006534011071503,0.06061960117594066,0.14068720103835997,1
mp-1110946,K2CuBiI6,K2CuBiI6,0.0976166476666651,0.09475944284747437,0.05472564291626472,0.134793242778684,1
mp-1110908,K2NdCuBr6,K2CuNdBr6,0.0974764469999986,0.0909242073266373,0.05089040739542765,0.13095800725784695,1
mp-1112245,K2ScCuF6,K2ScCuF6,0.0968541758749959,0.07233203546942457,0.032298235538214926,0.11236583540063422,1
mp-1112620,Cs2InAuCl6,Cs2InAuCl6,0.0954061694999994,0.04847814159860522,0.008444341667395577,0.08851194152981487,0
mp-1110632,Rb2InAsBr6,Rb2AsInBr6,0.0935830788333333,0.10126526973533936,0.06123146980412972,0.141299069666549,1
mp-1110689,Rb2CuMoBr6,Rb2CuMoBr6,0.0932979937291662,0.09885350261417565,0.058819702682966005,0.13888730254538528,1
mp-1112607,Cs2YHgF6,Cs2YHgF6,0.0914838607499959,0.12193214207945098,0.08189834214824133,0.1619659420106606,1
mp-1111995,K2BiAuBr6,K2AuBiBr6,0.0911243314,0.07560578421881049,0.03557198428760085,0.11563958415002014,1
mp-1110950,K2NdAgI6,K2AgNdI6,0.0910352390000008,0.09661333033995446,0.05657953040874482,0.1366471302711641,1
mp-1112640,Cs2HgAuF6,Cs2AuHgF6,0.0906531816666662,0.09888855518570829,0.05885475525449864,0.13892235511691792,1
mp-1112201,K2LiCeF6,K2LiCeF6,0.0889234847500013,0.07807513836381787,0.03804133843260822,0.11810893829502751,1
mp-1110836,K2LiNdF6,K2LiNdF6,0.0882201083125027,0.07905766177917745,0.0390238618479678,0.11909146171038709,1
mp-1110717,K2RbMoCl6,K2RbMoCl6,0.088022740718749,0.08243969962277914,0.04240589969156949,0.12247349955398878,1
mp-1111712,Rb2YAuBr6,Rb2YAuBr6,0.0879913322499987,0.10548897672535668,0.06545517679414703,0.14552277665656632,1
mp-1112184,K2InGaBr6,K2GaInBr6,0.0875252789999998,0.09438452809061165,0.054350728159402006,0.1344183280218213,1
mp-1111720,Rb2BiAuBr6,Rb2AuBiBr6,0.0846010648750001,0.06566921663019493,0.02563541669898528,0.10570301656140457,1
mp-1110947,K2YAgI6,K2YAgI6,0.0841399259999993,0.07463557616141249,0.034601776230202844,0.11466937609262214,1
mp-1113309,Rb2CuAsF6,Rb2CuAsF6,0.0821910609999996,0.0801956988437711,0.04016189891256146,0.12022949877498075,1
mp-1111396,CsRb2FeF6,Rb2FeCsF6,0.0818977760000052,0.03274012262400549,-0.007293677307204156,0.07277392255521514,0
mp-1111776,CsRb2ScBr6,Rb2ScCsBr6,0.0814763654999972,0.06333317843879259,0.023299378507582943,0.10336697837000224,1
mp-1111590,K2AlTlCl6,K2AlTlCl6,0.0938753060000006,0.09170761639766865,0.05167381646645901,0.1317414163288783,1
mp-1113414,Cs2InAuI6,Cs2InAuI6,0.0805672482500008,0.06350795507476036,0.02347415514355071,0.10354175500597,1
mp-1112380,K2CuMoCl6,K2CuMoCl6,0.0792576129999984,0.09388230647052646,0.05384850653931682,0.13391610640173612,1
mp-1110815,CsRb2TbCl6,Rb2CsTbCl6,0.0791867539999984,0.0756135132774227,0.03557971334621306,0.11564731320863235,1
mp-1112481,K2LaAgCl6,K2AgLaCl6,0.0790975022500015,0.08789065055830399,0.04785685062709434,0.12792445048951362,1
mp-1113795,Rb2CuRuF6,Rb2CuRuF6,0.0790778222000048,0.03952090065541983,-0.0005128992757898188,0.07955470058662947,1
mp-1111582,K2RbTlF6,K2RbTlF6,0.078423166374999,0.10724759264119069,0.06721379270998104,0.14728139257240033,1
mp-1110962,K2NaPrI6,K2NaPrI6,0.0783345077500019,0.08258754182836239,0.04255374189715275,0.12262134175957204,1
mp-1111779,CsRb2InBr6,Rb2InCsBr6,0.0778529674999988,0.06476297160370272,0.02472917167249307,0.10479677153491236,1
mp-1110916,K2NdAgBr6,K2AgNdBr6,0.0835963289999974,0.07321563436673066,0.033181834435521015,0.11324943429794031,1
mp-1112282,K2AgIrF6,K2AgIrF6,0.0784800158333318,0.0463254788443764,0.0062916789131667525,0.08635927877558605,1
mp-1110788,Rb2PrAgF6,Rb2AgPrF6,0.077178813833334,0.05905724304402852,0.019023443112818873,0.09909104297523816,1
mp-1111016,Rb2HgRhF6,Rb2RhHgF6,0.0761791965,0.05117172617606518,0.011137926244855531,0.09120552610727482,1
mp-1111578,K2TlInBr6,K2InTlBr6,0.075643856750001,0.05224567281591969,0.012211872884710047,0.09227947274712933,1
mp-1113343,Rb2LaCuCl6,Rb2CuLaCl6,0.0732425562499985,0.06661667763194695,0.026582877700737306,0.1066504775631566,1
mp-1113549,Rb2GaHgI6,Rb2GaHgI6,0.0729333307500001,0.10976512304538591,0.06973132311417626,0.14979892297659556,1
mp-1111715,Rb2SbAuCl6,Rb2SbAuCl6,0.0723939669999964,0.08418745873841596,0.044153658807206314,0.1242212586696256,1
mp-1112289,K2AgAuF6,K2AgAuF6,0.072210774666666,0.13839148827031966,0.09835768833911002,0.1784252882015293,0
mp-1112197,K2HgSbI6,K2SbHgI6,0.0696414194999999,0.09146807827358341,0.05143427834237377,0.13150187820479306,1
mp-1111394,CsRb2IrF6,Rb2CsIrF6,0.0706571677500003,0.05755479061853261,0.017520990687322963,0.09758859054974225,1
mp-1111196,K2TlSbCl6,K2SbTlCl6,0.0704643672499996,0.056753760903432864,0.016719960972223218,0.09678756083464252,1
mp-1110900,K2LiPrBr6,K2LiPrBr6,0.0689036424999987,0.07013644319836544,0.030102643267155796,0.11017024312957509,1
mp-1110917,K2AgMoBr6,K2MoAgBr6,0.0685645004999977,0.06994513798608976,0.02991133805488011,0.1099789379172994,1
mp-1111991,K2TbCuCl6,K2CuTbCl6,0.067974504000003,0.06248590584354629,0.022452105912336644,0.10251970577475594,1
mp-1113901,Na2LiTiF6,Na2LiTiF6,0.0671365909166663,0.10306396956845998,0.06303016963725033,0.14309776949966962,1
mp-1111371,K2MnTlF6,K2MnTlF6,0.0671037180000135,0.061968060716176485,0.02193426078496684,0.10200186064738613,1
mp-1112891,Cs2InAsI6,Cs2AsInI6,0.0664033427499983,0.07405325531792382,0.03401945538671418,0.11408705524913347,1
mp-1111114,K2RbScF6,K2ScRbF6,0.0655337383333334,0.06489643870662522,0.02486263877541557,0.10493023863783486,1
mp-989517,Cs2SBrCl6,Cs2SBrCl6,0.0644426494062528,0.0777327368121747,0.03769893688096505,0.11776653674338435,1
mp-1111940,K2GaCuF6,K2CuGaF6,0.063398337968751,0.06851989382802816,0.028486093896818512,0.1085536937592378,1
mp-1112517,Cs2RbGaCl6,Cs2GaRbCl6,0.0630647807500004,0.05877530662042622,0.01874150668921657,0.09880910655163586,1
mp-1114008,Rb2AlTlCl6,Rb2AlTlCl6,0.0625376334999998,0.05635319792837265,0.016319397997163004,0.0963869978595823,1
mp-1111468,Rb2GaAgCl6,Rb2GaAgCl6,0.0618796451250016,0.04512552008521127,0.005091720154001625,0.08515932001642092,1
mp-1111784,CsRb2AsBr6,Rb2AsCsBr6,0.0617578342500002,0.07751037521047062,0.037476575279260974,0.11754417514168027,1
mp-1113688,Rb2NaAuF6,Rb2NaAuF6,0.0605004520000003,0.07239717774225277,0.03236337781104312,0.11243097767346241,1
mp-1111134,K2ScTlCl6,K2ScTlCl6,0.0594486808333316,0.03932011838443793,-0.0007136815467717189,0.07935391831564757,1
mp-1111674,K2LiCeI6,K2LiCeI6,0.0736785814999998,0.07246686843919273,0.03243306850798308,0.11250066837040237,1
mp-1113328,CsRb2YF6,Rb2YCsF6,0.0574712589999997,0.08415053058929102,0.044116730658081374,0.12418433052050067,1
mp-1112922,Cs2SbAuI6,Cs2SbAuI6,0.0573351865000009,0.07499034598253773,0.034956546051328086,0.11502414591374738,1
mp-1113243,Cs2AgMoBr6,Cs2MoAgBr6,0.0543625616250005,0.05039426604669244,0.010360466115482796,0.0904280659779021,1
mp-1111472,Rb2AlAgCl6,Rb2AlAgCl6,0.0525103666250013,0.05207173725145844,0.012037937320248791,0.09210553718266809,1
mp-1113487,Rb2FeCuF6,Rb2FeCuF6,0.0528302661249968,0.048470220576498343,0.008436420645288698,0.08850402050770799,1
mp-1113319,Rb2HgAsCl6,Rb2AsHgCl6,0.0516409812499989,0.05857038905994734,0.018536589128737693,0.09860418899115699,1
mp-1112565,Cs2TlCoF6,Cs2CoTlF6,0.0511228893749997,0.016911458709963748,-0.023122341221245898,0.05694525864117339,1
mp-1111144,K2RbGaF6,K2GaRbF6,0.0509651079999988,0.08056455688901638,0.04053075695780674,0.12059835682022603,1
mp-1110807,Rb2NdAgBr6,Rb2AgNdBr6,0.0507212134999988,0.04058997195445185,0.0005561720232422074,0.0806237718856615,1
mp-1112903,Cs2GaHgI6,Cs2GaHgI6,0.0500850228333331,0.08327453630546354,0.043240736374253894,0.12330833623667319,1
mp-1110816,Rb2YAgI6,Rb2YAgI6,0.0499671687499998,0.051437057756224674,0.011403257825015028,0.09147085768743432,1
mp-1112101,K2AgAuBr6,K2AgAuBr6,0.0543522127499991,0.05293210757663079,0.012898307645421145,0.09296590750784044,1
mp-1113709,Rb2LiNiF6,Rb2LiNiF6,0.0476573225000009,0.02933606365449019,-0.010697736276719456,0.06936986358569984,1
mp-1113634,Rb2MnTlF6,Rb2MnTlF6,0.0474002437500038,0.019015433246792265,-0.02101836668441738,0.05904923317800191,1
mp-1110769,Rb2NaPrI6,Rb2NaPrI6,0.0471153497500016,0.04546928132847448,0.005435481397264831,0.08550308125968412,1
mp-1110834,K2LiYF6,K2LiYF6,0.0465504082500052,0.030336819607997886,-0.00969698032321176,0.07037061953920754,1
mp-1113212,Cs2TaAuF6,Cs2TaAuF6,0.0458897040400012,0.2503302866395648,0.21029648670835516,0.29036408657077445,0
mp-1110703,Rb2NaMoBr6,Rb2NaMoBr6,0.0455889604583337,0.04828739616083089,0.00825359622962124,0.08832119609204053,1
mp-1112896,Cs2AlInI6,Cs2AlInI6,0.0433044452499995,0.050836230505365676,0.01080243057415603,0.09087003043657532,1
mp-1113539,Cs2CoAgF6,Cs2CoAgF6,0.0431195918749987,0.0869271218302493,0.04689332189903965,0.12696092176145896,0
mp-1110723,Rb2CuBiBr6,Rb2CuBiBr6,0.0429090251249979,0.04196871263237373,0.001934912701164082,0.08200251256358337,1
mp-1112938,Cs2ScAgI6,Cs2ScAgI6,0.0,0.02833108241030785,-0.011702717520901795,0.0683648823415175,1
mp-1112500,Cs2TlAuBr6,Cs2AuTlBr6,0.0412248923749998,0.04541173749618758,0.005377937564977932,0.08544553742739722,1
mp-1110902,K2LiBiBr6,K2LiBiBr6,0.0401285284999994,0.04122675332243655,0.0011929533912269016,0.0812605532536462,1
mp-1114115,Rb2TlInBr6,Rb2InTlBr6,0.0398593279999999,0.02738365121582976,-0.012650148715379887,0.0674174511470394,1
mp-1112117,Cs2RbScI6,Cs2ScRbI6,0.0,0.011927233344301102,-0.028106566586908542,0.05196103327551075,1
mp-1113385,Rb2HgSbCl6,Rb2SbHgCl6,0.0383092269999982,0.0635142407965587,0.023480440865349048,0.10354804072776834,1
mp-1111616,K2NaTlCl6,K2NaTlCl6,0.036829457,0.037135405544277376,-0.0028983943869322695,0.07716920547548703,1
mp-1111372,K2TlGaF6,K2GaTlF6,0.0361657864999989,0.08179950858884123,0.04176570865763159,0.12183330852005088,0
mp-1113929,Rb2NaAlCl6,Rb2NaAlCl6,0.0357743589999999,0.026561695476864735,-0.013472104454344911,0.06659549540807438,1
mp-1112673,Cs2LiSbI6,Cs2LiSbI6,0.0355398270000009,0.031794123309992414,-0.008239676621217232,0.07182792324120206,1
mp-1111622,K2NaTbCl6,K2NaTbCl6,0.0346831090000003,0.03110132284864023,-0.008932477082569414,0.07113512277984987,1
mp-611316,AsN(OF3)2,O2NAsF6,0.0345745860000006,0.15712870371258306,0.11709490378137341,0.1971625036437927,0
mp-1111035,Rb2LuCuCl6,Rb2CuLuCl6,0.0336773712499987,0.018408975646373657,-0.02162482428483599,0.0584427755775833,1
mp-1113059,Cs2KAlCl6,Cs2AlKCl6,0.0347280777500005,0.043716529763582,0.0036827298323723542,0.08375032969479165,1
mp-1114239,Na2LiIrF6,Na2LiIrF6,0.0314410885999967,0.12991442689397895,0.0898806269627693,0.1699482268251886,0
mp-1112124,Cs2RbPrCl6,Cs2RbPrCl6,0.030319584499999,0.021870062319736247,-0.0181637376114734,0.06190386225094589,1
mp-1114041,KRb2ErCl6,Rb2KErCl6,0.0302694810000003,0.027911255162506334,-0.012122544768703312,0.06794505509371598,1
mp-1112908,Cs2HgAsI6,Cs2AsHgI6,0.0301242362499989,0.02575685875961296,-0.014276941171596686,0.06579065869082261,1
mp-1113264,Cs2AgBiI6,Cs2AgBiI6,0.0297026883125006,0.028940446143324066,-0.01109335378788558,0.06897424607453372,1
mp-1110771,Rb2NaCeI6,Rb2NaCeI6,0.0372719654999991,0.0337701109678722,-0.006263688963337448,0.07380391089908184,1
mp-1112893,Cs2InAsBr6,Cs2AsInBr6,0.0287657928333331,0.08184430695472343,0.041810507023513785,0.12187810688593308,0
mp-1112710,Cs2KScI6,Cs2KScI6,0.0,0.0017807155167848707,-0.03825308441442477,0.04181451544799452,1
mp-1112123,Cs2RbNdCl6,Cs2RbNdCl6,0.0277122528333304,0.015824338955065083,-0.024209460976144563,0.05585813888627473,1
mp-1110744,Rb2LiYI6,Rb2LiYI6,0.0270942889999989,0.021776446869885644,-0.018257353061324002,0.06181024680109529,1
mp-1114017,Rb2NaInBr6,Rb2NaInBr6,0.0269826534999997,0.02706842391479133,-0.012965376016418315,0.06710222384600098,1
mp-1112443,K2TmAgCl6,K2AgTmCl6,0.0262204576500009,0.030743901564378062,-0.009289898366831584,0.07077770149558771,1
mp-1205550,Cs2RbPdF6,Cs2RbPdF6,0.0257852847499986,0.020291284202473097,-0.01974251572873655,0.060325084133682746,1
mp-1112122,Cs2RbSbCl6,Cs2RbSbCl6,0.025257204999999,0.028547659754635173,-0.011486140176574473,0.06858145968584482,1
mp-1113575,Cs2AgAuBr6,Cs2AgAuBr6,0.0247430954999985,0.025231699609712447,-0.014802100321497199,0.06526549954092209,1
mp-1110767,Rb2NaYI6,Rb2NaYI6,0.0247265849999989,0.02874905534606313,-0.011284744585146517,0.06878285527727278,1
mp-1111482,Rb2TlCuCl6,Rb2CuTlCl6,0.0241804223645876,0.01616977950180324,-0.023864020429406406,0.056203579433012886,1
mp-1111725,Rb2SmAgCl6,Rb2AgSmCl6,0.0227829590000006,0.027721175370357617,-0.01231262456085203,0.06775497530156727,1
mp-1113229,Cs2NdAgF6,Cs2AgNdF6,0.0205549650000005,0.014386506089932445,-0.025647293841277202,0.05442030602114209,1
mp-1110912,K2AgSbBr6,K2AgSbBr6,0.0197432547499993,0.04507482807455983,0.005041028143350182,0.08510862800576947,1
mp-1113978,Rb2LiEuCl6,Rb2LiEuCl6,0.0194560927500013,0.016603949972042356,-0.02342984995916729,0.056637749903252,1
mp-1110611,Rb2CoAgF6,Rb2CoAgF6,0.0188857829999999,0.05352685194742792,0.013493052016218275,0.09356065187863757,1
mp-1113062,Cs2YInF6,Cs2YInF6,0.0185438067222216,0.018800503359525912,-0.021233296571683734,0.05883430329073556,1
mp-1112004,Cs2RbTlCl6,Cs2RbTlCl6,0.0175840595000003,0.02431826112001088,-0.015715538811198766,0.06435206105122053,1
mp-1112681,Cs2LiLaCl6,Cs2LiLaCl6,0.0177230817500007,0.02115963437529836,-0.018874165555911288,0.061193434306508004,1
mp-1112569,Cs2NaAlF6,Cs2NaAlF6,0.0158312425,0.025251946649628997,-0.014781853281580649,0.06528574658083865,1
mp-1114014,Rb2NaSmCl6,Rb2NaSmCl6,0.0153762470000016,0.02243288857850222,-0.017600911352707426,0.06246668850971186,1
mp-1111657,K2LiTmCl6,K2LiTmCl6,0.016038786400002,0.02273441946510452,-0.017299380466105126,0.06276821939631416,1
mp-1112141,Cs2NaScI6,Cs2NaScI6,0.0,0.0031432648844540575,-0.03689053504675559,0.043177064815663704,1
mp-1112108,Cs2TlSbBr6,Cs2SbTlBr6,0.0149627829999996,0.018428298735207453,-0.021605501196002193,0.0584620986664171,1
mp-996941,Cs2RbInBr6,Cs2RbInBr6,0.014949250499999,0.023173210571813874,-0.016860589359395772,0.06320701050302352,1
mp-1112286,K2FeAgF6,K2FeAgF6,0.0137004256249984,0.037171765151548665,-0.002862034779660981,0.0772055650827583,1
mp-1206231,Cs2RbPdF6,Cs2RbPdF6,0.013255170749999,0.005540816804458928,-0.03449298312675072,0.04557461673566857,1
mp-1112586,Cs2AlInF6,Cs2AlInF6,0.0143701071041677,0.015285586898219418,-0.024748213032990227,0.055319386829429065,1
mp-1183269,AsN(OF3)2,O2NAsF6,0.0112635080000007,0.16703297050286836,0.12699917057165871,0.207066770434078,0
mp-1112003,Cs2TlSbCl6,Cs2SbTlCl6,0.0103696794999987,0.021836612525271554,-0.018197187405938092,0.0618704124564812,1
mp-1114009,Rb2TlAsCl6,Rb2AsTlCl6,0.0101217397499993,0.02134247028466171,-0.018691329646547936,0.06137627021587136,1
mp-1113047,Cs2KScBr6,Cs2KScBr6,0.0104525420000003,0.0020998455625534387,-0.03793395436865621,0.04213364549376308,1
mp-1111876,Cs2KMoCl6,Cs2KMoCl6,0.0087200727500063,0.012596414554782883,-0.027437385376426763,0.05263021448599253,1
mp-1110800,Rb2YAgCl6,Rb2YAgCl6,0.0078298658999989,-0.005141017198744299,-0.04517481712995394,0.03489278273246535,1
mp-1114016,Rb2NaScBr6,Rb2NaScBr6,0.0073407204999984,-0.0038828980205598586,-0.0439166979517695,0.03615090191064979,1
mp-1205696,Cs2NaCrCl6,Cs2NaCrCl6,0.0079983245000017,0.0016433628885763126,-0.038390437042633334,0.04167716281978596,1
mp-1112114,Cs2RbYCl6,Cs2RbYCl6,0.0070388847500035,0.01049745452531928,-0.02953634540589037,0.05053125445652892,1
mp-1111658,K2LiTlF6,K2LiTlF6,0.0057837129583324,0.020933872818768327,-0.01909992711244132,0.06096767274997797,1
mp-1113854,Rb2TlRuF6,Rb2RuTlF6,0.0052477924166698,0.02504587244610767,-0.014987927485101978,0.06507967237731732,1
mp-556757,K2NaNiF6,K2NaNiF6,0.0041507830000009,0.0029196180089316247,-0.03711418192227802,0.04295341794014127,1
mp-1114019,Rb2NaGdCl6,Rb2NaGdCl6,0.0038797750000005,0.017817932309439382,-0.022215867621770264,0.05785173224064903,1
mp-1112687,Cs2KYI6,Cs2KYI6,0.0026361609999994,0.008587030271156808,-0.03144676966005284,0.048620830202366454,1
mp-1113138,Cs2ScInF6,Cs2ScInF6,0.0023070539166685,0.008812965687297331,-0.031220834243912317,0.048846765618506975,1
mp-1111841,Cs2LiNdCl6,Cs2LiNdCl6,0.0001970684166643,0.01341569184571033,-0.026618108085499317,0.053449491776919975,1
mp-1111927,K2LiCrF6,K2LiCrF6,0.0,0.030950531057643994,-0.009083268873565652,0.07098433098885364,1
mp-1112610,Cs2TaHgF6,Cs2TaHgF6,0.0,0.18251228967382613,0.14247848974261648,0.22254608960503577,0
mp-1111979,Cs2NaRhF6,Cs2NaRhF6,0.0,0.021840542043441734,-0.018193257887767912,0.06187434197465138,1
mp-1111968,Cs2RbAsF6,Cs2AsRbF6,0.0,0.01701094517034882,-0.023022854760860825,0.057044745101558464,1
mp-1182477,AsN(OF3)2,O2NAsF6,0.0,0.16278053633278666,0.12274673640157702,0.2028143362639963,0
mp-13797,K2NaCuF6,K2NaCuF6,0.0,0.007928232053989721,-0.03210556787721992,0.04796203198519937,1
mp-13798,K2NaTlF6,K2NaTlF6,0.0,0.0483674705596437,0.008333670628434056,0.08840127049085335,0
mp-13925,Cs2NaYF6,Cs2NaYF6,0.0,0.0018177503319242773,-0.038216049599285366,0.041851550263133926,1
mp-557133,Cs2KMoF6,Cs2KMoF6,0.0,0.0011876583834573456,-0.0388461415477523,0.04122145831466699,1
mp-1113614,Cs2AlAgF6,Cs2AlAgF6,0.0,0.062117830372067494,0.022084030440857848,0.10215163030327715,0
mp-1112495,Cs2TlCrF6,Cs2CrTlF6,0.0,-0.00859798070996312,-0.04863178064117277,0.031435819221246525,1
mp-560789,SbI(ClF3)2,Cl2SbIF6,0.0847587321583187,0.0869735021813247,0.046939702250115053,0.12700730211253436,1
mp-1205672,KTl2CrF6,Tl2KCrF6,0.0,0.013461491303191301,-0.026572308628018345,0.053495291234400943,1
mp-14038,Rb2NaRhF6,Rb2NaRhF6,0.0,-0.004651549960582221,-0.04468534989179187,0.03538224997062742,1
mp-13815,Rb2NaErF6,Rb2NaErF6,0.0,0.0045486652921644865,-0.03548513463904516,0.04458246522337413,1
mp-561067,KRb2FeF6,Rb2KFeF6,0.0,0.02259492561029812,-0.017438874320911527,0.06262872554150777,1
mp-1113704,Rb2LiTiF6,Rb2LiTiF6,0.0,0.02380220214768703,-0.016231597783522615,0.06383600207889667,1
mp-989526,Cs2KTlF6,Cs2KTlF6,0.0,-0.008974627445933362,-0.049008427377143005,0.031059172485276284,1
mp-1112596,Cs2NaAsF6,Cs2NaAsF6,0.0,0.02293922369754733,-0.017094576233662315,0.06297302362875698,1
mp-1110784,Rb2AgMoF6,Rb2MoAgF6,0.0,0.017078160405431156,-0.02295563952577849,0.0571119603366408,1
mp-1110614,Rb2AlAgF6,Rb2AlAgF6,0.0,0.0278550861029725,-0.012178713828237146,0.06788888603418214,1
mp-1111952,Cs2AlTlF6,Cs2AlTlF6,0.0,-0.018399012251988506,-0.05843281218319815,0.02163478767922114,1
mp-1110968,Cs2NaMoF6,Cs2NaMoF6,0.0,0.024040575748518533,-0.015993224182691113,0.06407437567972818,1
mp-989525,Cs2RbPbF6,Cs2RbPbF6,0.0,0.016282054197784626,-0.02375174573342502,0.05631585412899427,1
mp-6586,K2NaAlF6,K2NaAlF6,0.0,0.03591616705208846,-0.004117632879121189,0.0759499669832981,1
mp-1207213,K2LiCuF6,K2LiCuF6,0.0,0.029719090005556874,-0.010314709925652771,0.06975288993676652,1
mp-6528,Cs2NaAlF6,Cs2NaAlF6,0.0,0.01801875688776055,-0.022015043043449097,0.058052556818970195,1
mp-1113669,Rb2NaScF6,Rb2NaScF6,0.0,-0.0035250805514823952,-0.04355888048269204,0.03650871937972725,1
mp-989531,Cs2KGaF6,Cs2KGaF6,0.0,0.016709240132260283,-0.023324559798949363,0.05674304006346993,1
mp-560071,KRb2CoF6,Rb2KCoF6,0.0,0.010891464029362153,-0.02914233590184749,0.0509252639605718,1
mp-1113873,Rb2TlAsF6,Rb2AsTlF6,0.0,0.031691823264135735,-0.008341976667073911,0.07172562319534538,1
mp-1111821,Cs2NaNdCl6,Cs2NaNdCl6,0.0,0.0031875571120010765,-0.03684624281920857,0.04322135704321072,1
mp-580541,Cs2NaSmCl6,Cs2NaSmCl6,0.0,-0.0006171724542593136,-0.04065097238546896,0.03941662747695033,1
mp-989545,Rb2NaSbCl6,Rb2NaSbCl6,0.0,0.010381450658203787,-0.02965234927300586,0.05041525058941343,1
mp-568670,Cs2NaTbCl6,Cs2NaTbCl6,0.0,-0.00010785545714359597,-0.040141655388353244,0.03992594447406605,1
mp-1111973,K2AlAgCl6,K2AlAgCl6,0.0617729935000022,0.05173724211184719,0.011703442180637541,0.09177104204305683,1
mp-1111629,Rb2TlAgCl6,Rb2AgTlCl6,0.0,-0.0006000515238891571,-0.040633851455098804,0.03943374840732049,1
mp-567652,Cs2LiYCl6,Cs2LiYCl6,0.0,0.0034751906612996717,-0.036558609269909975,0.04350899059250932,1
mp-1110871,K2CuBiCl6,K2CuBiCl6,0.0,0.05742138067290962,0.017387580741699972,0.09745518060411926,0
mp-1112759,Cs2KInCl6,Cs2KInCl6,0.0,0.002819140206136982,-0.037214659725072666,0.042852940137346626,1
mp-1080041,Cs2NaBiCl6,Cs2NaBiCl6,0.0,-0.00158317412299085,-0.0416169740542005,0.03845062580821879,1
mp-1112490,Cs2TlInCl6,Cs2InTlCl6,0.0,-0.003390860270450789,-0.043424660201660435,0.03664293966075886,1
mp-1113967,Rb2NaAsCl6,Rb2NaAsCl6,0.0,0.01177560341278271,-0.028258196518426936,0.05180940334399235,1
mp-1112520,Cs2RbCeCl6,Cs2RbCeCl6,0.041292807916661,0.020815290154236443,-0.019218509776973203,0.06084909008544609,1
mp-1111634,Rb2InAgCl6,Rb2AgInCl6,0.0,-0.004920221615015994,-0.04495402154622564,0.035113578316193654,1
mp-1112527,Cs2NaTlCl6,Cs2NaTlCl6,0.0,0.002348487085156737,-0.03768531284605291,0.042382287016366385,1
mp-1111820,Cs2NaPrCl6,Cs2NaPrCl6,0.0,0.005332384468280672,-0.03470141546292897,0.04536618439949032,1
mp-1112515,Cs2RbLuCl6,Cs2RbLuCl6,0.0,-0.000963151123401398,-0.04099695105461104,0.03907064880780825,1
mp-1112787,Cs2KCeBr6,Cs2KCeBr6,0.0,0.002338004204920693,-0.03769579572628895,0.04237180413613034,1
mp-1112842,Cs2KYBr6,Cs2KYBr6,0.0,0.013842693570914335,-0.026191106360295313,0.05387649350212398,1
mp-1112792,Cs2KAsBr6,Cs2KAsBr6,0.0,0.017566501128955418,-0.02246729880225423,0.05760030106016506,1
mp-989405,Cs2LiInBr6,Cs2LiInBr6,0.0,0.01772903112835227,-0.022304768802857377,0.05776283105956191,1
mp-1112145,Cs2NaNdBr6,Cs2NaNdBr6,0.0,0.0008821369605160771,-0.03915166297069357,0.04091593689172572,1
mp-1112144,Cs2NaPrI6,Cs2NaPrI6,0.0,0.006821523207243794,-0.03321227672396585,0.04685532313845344,1
mp-1112656,Cs2NaCeI6,Cs2NaCeI6,0.0,0.003943725949498584,-0.03609007398171106,0.04397752588070823,1
